{
  "hash": "5547b680",
  "configHash": "3910e8b8",
  "lockfileHash": "7c8ec925",
  "browserHash": "1043befd",
  "optimized": {
    "@angular/common": {
      "src": "../../../../../../node_modules/@angular/common/fesm2022/common.mjs",
      "file": "@angular_common.js",
      "fileHash": "2ecedd0f",
      "needsInterop": false
    },
    "@angular/core": {
      "src": "../../../../../../node_modules/@angular/core/fesm2022/core.mjs",
      "file": "@angular_core.js",
      "fileHash": "8597a116",
      "needsInterop": false
    },
    "@angular/forms": {
      "src": "../../../../../../node_modules/@angular/forms/fesm2022/forms.mjs",
      "file": "@angular_forms.js",
      "fileHash": "5ceef815",
      "needsInterop": false
    },
    "@angular/platform-browser": {
      "src": "../../../../../../node_modules/@angular/platform-browser/fesm2022/platform-browser.mjs",
      "file": "@angular_platform-browser.js",
      "fileHash": "5df10cc9",
      "needsInterop": false
    },
    "@angular/router": {
      "src": "../../../../../../node_modules/@angular/router/fesm2022/router.mjs",
      "file": "@angular_router.js",
      "fileHash": "0a43e0b1",
      "needsInterop": false
    }
  },
  "chunks": {
    "chunk-KGRJ3CB4": {
      "file": "chunk-KGRJ3CB4.js"
    },
    "chunk-EWK52F7D": {
      "file": "chunk-EWK52F7D.js"
    },
    "chunk-IB2O4BUP": {
      "file": "chunk-IB2O4BUP.js"
    }
  }
}